{
  "without_lag_features": {
    "rmse": 82.57293741324347,
    "mae": 53.95523458718239,
    "mape": 29.091567398588904,
    "r2": 0.8591255937844979,
    "rmsle": 0.3786596620559108
  },
  "with_lag_features": {
    "rmse": 56.19667856905603,
    "mae": 34.14963241657199,
    "mape": 19.880514607203242,
    "r2": 0.934750389159686,
    "rmsle": 0.2602515017240411
  }
}