{
  "lightgbm": {
    "rmse": 78.17641341813922,
    "mae": 51.98948215267615,
    "mape": 29.957491443239203,
    "r2": 0.8737276933534364,
    "rmsle": 0.37708831437781243
  },
  "xgboost": {
    "rmse": 73.22470711416841,
    "mae": 46.97803737598678,
    "mape": 27.47985684201068,
    "r2": 0.8892173074229688,
    "rmsle": 0.3507803620524753
  },
  "catboost": {
    "rmse": 73.41735815710695,
    "mae": 46.819839962341746,
    "mape": 27.43152688597187,
    "r2": 0.8886336116302544,
    "rmsle": 0.3422929879919396
  },
  "random_forest": {
    "rmse": 97.50501237187059,
    "mae": 64.23514568645768,
    "mape": 32.998939966920936,
    "r2": 0.8035687802369818,
    "rmsle": 0.43229783580530234
  },
  "stacking": {
    "rmse": 65.41350785907893,
    "mae": 40.79121202325467,
    "mape": 29.18985405732472,
    "r2": 0.9115920117143627,
    "rmsle": 0.34351425112829137
  }
}