{
  "lightgbm": {
    "rmse": 1317.0935325538865,
    "mae": 1136.27385285026,
    "mape": 79.51557959979027,
    "r2": 0.4306120784159988,
    "rmsle": 0.4539883616998734
  },
  "xgboost": {
    "rmse": 1112.14765239328,
    "mae": 900.5301053406762,
    "mape": 78.61777800892963,
    "r2": 0.5940244164769699,
    "rmsle": 0.4285968020500932
  },
  "catboost": {
    "rmse": 1328.572455471972,
    "mae": 1102.6063054714307,
    "mape": 65.50497167385811,
    "r2": 0.42064400633984234,
    "rmsle": 0.4309765644617287
  },
  "random_forest": {
    "rmse": 1270.203884267341,
    "mae": 1096.6488097198817,
    "mape": 121.17200094972193,
    "r2": 0.4704318116207836,
    "rmsle": 0.4824479792457327
  },
  "stacking": {
    "rmse": 1077.6224442615444,
    "mae": 836.4257409459516,
    "mape": 48.20132407563082,
    "r2": 0.6188391629214233,
    "rmsle": 0.3859735721155723
  }
}